trousers,B01JQTPQ9K
trousers,B081KN331N
trousers,B09D6NGPBB
trousers,B079D2LX4N
trousers,B071FJ88QJ
trousers,B0775PNH5P
trousers,B00X4GEV98
trousers,B000MXQ284
trousers,B00QNAL9U6
trousers,B08NCGJTFM
trousers,B07P82B4JK
trousers,B01N7VGA1T
trousers,B0B9BFRD8X
trousers,B01LI4I2ME
trousers,B01LO0P9MS
trousers,B00YKRPL2G
trousers,B09Q8S67KZ
trousers,B07NY57W38
trousers,B00WW76FSU
trousers,B01FVR9I5E
trousers,B09NN9D4DZ
trousers,B085YW5713
trousers,B00WW6Z4W4
trousers,B07RRZ2T4N
trousers,B074841B2V
trousers,B094V95P15
trousers,B07PPXTJJY
trousers,B01N1WFVH9
trousers,B01BNSPJP8
trousers,B07L7QY5TF
trousers,B01N28YIF8
trousers,B00D6C1R0G
trousers,B07HNTS427
trousers,B075F5MBDP
trousers,B06WRWR15H
trousers,B0BS49DGXP
trousers,B092ZQV5G9
trousers,B00P03MF0U
trousers,B01BGTW9R0
trousers,B00XKYQVMY
trousers,B00DIA6YBI
trousers,B075JNJDDH
trousers,B07JQ91ZY9
trousers,B06XPRPBCH
trousers,B0BN1ZDR8P
trousers,B01MD0SCZK
trousers,B08NCV12XM
trousers,B0B9MYYDFF
trousers,B075JNJDDH
trousers,B06XPRPBCH
trousers,B01MD0SCZK
trousers,B08NCV12XM
trousers,B0B9MYYDFF
trousers,B0B5F5S5GJ
trousers,B00IM4SEG8
trousers,B07HJ84SZW
trousers,B07K3KRCVG
trousers,B07DG27ZVD
trousers,B077PSR3XR
trousers,B07491SHWT
trousers,B0BFG72T67
trousers,B09N114TF5
trousers,B073HC2VKF
trousers,B07NMVT4W2
trousers,B087D8BBG2
trousers,B017OXFFUA
trousers,B07J3N2RFQ
trousers,B0B8766J14
trousers,B0B5TDSM89
trousers,B09MG2KM3L
trousers,B015QHZAS8
trousers,B096H6G2BL
trousers,B098NJFDNV
trousers,B01HBVC3VY
trousers,B076V4DBJG
trousers,B085YW5713
trousers,B0BDV58Y9P
trousers,B0B8CWHRSD
trousers,B01N21MR6L
trousers,B00WW6ZE5G
trousers,B00WW72VJC
trousers,B0B38T7WJV
trousers,B07RW8FLWF
trousers,B0BNVJSDHV
trousers,B07KD8XCLX
trousers,B096FF3WYC
trousers,B00B58HL6C
trousers,B09VVW2RVY
trousers,B0BS49DGXP
trousers,B07PGF2BF8
trousers,B093P69NXB
trousers,B07PRH6LTV
trousers,B0883T5NG7
trousers,B07DG7DQ61
trousers,B06Y4HG1YG
trousers,B08YVZT5F4
trousers,B09Y8CGGXL
trousers,B094V95P15
trousers,B07BFH52D1
trousers,B081TWTFJ1
trousers,B00CA6X7BG
trousers,B08VYKKCKS
trousers,B09YR186M3
trousers,B014A11M4C
trousers,B0BQVWCPQG
trousers,B0BS6YYT5Q
trousers,B07T9KSJSF
trousers,B07NXCFW2F
trousers,B00WW75N24
trousers,B07B7X7B1F
trousers,B000A38CD4
trousers,B089W8F56B
trousers,B07G5JLZN5
trousers,B016PD48M6
trousers,B0013UOIYU
trousers,B01LQT9DZG
trousers,B08SGGX12W
trousers,B08LNWQM1S
trousers,B09Q852RC1
trousers,B0BS47XJ7K
trousers,B00NVPEGVU
trousers,B07P887SQT
trousers,B0743PV5YG
trousers,B01MXZ562O
trousers,B001NSCHDQ
trousers,B09VW7R9RJ
trousers,B073SMG454
trousers,B005A20I50
trousers,B07NLYGQ86
trousers,B07JHZCFXX
trousers,B0BKZTLV57
trousers,B07NMFD15S
trousers,B0BS6X1BNB
trousers,B07Y5WDGPH
trousers,B01ND2LMVQ
trousers,B07YFSG313
trousers,B08NCR7FYB
trousers,B07SX61ZJZ
trousers,B01FVRG7JY
trousers,B08W1M1DXS
trousers,B07KNCXMPY
trousers,B00012O1HU
trousers,B0BS48CSS3
trousers,B00JRXDHOW
trousers,B08NCR7FYB
trousers,B07SX61ZJZ
trousers,B01FVRG7JY
trousers,B08W1M1DXS
trousers,B07KNCXMPY
trousers,B0BS667HPV
trousers,B00JRXDHOW
trousers,B07NLYGQ86
trousers,B00M2XDK32
trousers,B01N7BPCNL
trousers,B07HGP1HQW
trousers,B07HFVTX2P
trousers,B07ZWVWJHT
trousers,B07NX8H863
trousers,B07RHXY4FP
trousers,B00FSB631Q
trousers,B0BS47D533
trousers,B009ZNM1GY
trousers,B01MUVIQG8
trousers,B07N78Z668
trousers,B09ND8D5CQ
trousers,B08TLLXCFT
trousers,B07X7L7N3L
trousers,B08L8WRMFF
trousers,B09NQHTQ8B
trousers,B07NLXWHFC
trousers,B09G7FQ4FH
trousers,B08C97SGBC
trousers,B0BS6X1BNB
trousers,B07JMTFSLC
trousers,B08YVPMGR3
trousers,B09G8XP5J6
trousers,B073X2ZRTR
trousers,B097NP51JL
trousers,B09F9PFWLF
trousers,B08WJX4JY3
trousers,B007A3MRG0
trousers,B07MHQJ2RS
trousers,B08LN2J49G
trousers,B0BS48PWMC
trousers,B09NN85H9D
trousers,B09NZPDZYY
trousers,B09NYN7X4M
trousers,B08VS2HNFP
trousers,B083QZ52NY
trousers,B09FYFLQ1J
trousers,B0BDRY5FW7
trousers,B07WHNR6MF
trousers,B0B9797JQJ
trousers,B09FYFLQ1J
trousers,B07F16G1P8
trousers,B07KPRP3SC
trousers,B0BS631341
trousers,B09V2CM3Q9
trousers,B085RKWDL6
trousers,B01BGTO7IE
trousers,B08CLH1J8X
trousers,B07HNXZJC5
trousers,B0BKSQBJNB
trousers,B07V38TZQ6
trousers,B08F2HG8RF
trousers,B07SZ6S7P5
trousers,B09K95ZR2F
trousers,B0BS6D893S
trousers,B07829LV5T
trousers,B08Q8P2K6G
trousers,B00D6C0HXY
trousers,B076X4QTFJ
trousers,B07VVLBFNZ
trousers,B018G8G5AQ
trousers,B09DCVBKD2
trousers,B0B6BQJLCW
trousers,B09NQJYQKQ
trousers,B0083BJGSK
trousers,B0BS67B8FK
trousers,B007SNQLD2
trousers,B07HNKKNK7
trousers,B07ZQ2GZS3
trousers,B098D8291Y
trousers,B08YJTS7ZB
trousers,B098K6XP5F
trousers,B07DKT53JN
trousers,B007J20GS8
trousers,B07ZMN614N
trousers,B074CVQQSD
trousers,B000JHEPUA
trousers,B0BS689Z6W
trousers,B07BJTDFM8
trousers,B0BBTZ3ZWK
trousers,B074GLB317
trousers,B07X7L5QVR
trousers,B09Z1VJHSM
trousers,B0751HKMSY
trousers,B07K76B4H2
trousers,B01IJMQ2WA
trousers,B09NYNK8J7
shorts,B07YP9JK3F
shorts,B08JGBB9N1
shorts,B00AKSCXEI
shorts,B01JQTN8SQ
shorts,B01JQTA794
shorts,B07L33BBXG
shorts,B07HJ78B3X
shorts,B0151E6PB2
shorts,B016Y826EE
shorts,B07JGF22HN
shorts,B07L2VPLPC
shorts,B0728KK8VK
shorts,B01AK7Z5BG
shorts,B09PYTB8SD
shorts,B08J951P74
shorts,B07DZVJXNK
shorts,B00PICJLBY
shorts,B06XWMZ6FJ
shorts,B01JQTCQ8O
shorts,B0714D4Q4B
shorts,B09P3WHTC8
shorts,B07F25B6N4
shorts,B07F2N1JG6
shorts,B009CTUDNO
shorts,B0B1LMFBDV
shorts,B01ISQF00W
shorts,B07FHBCC58
shorts,B00XKYLJDU
shorts,B08JTQP6VY
shorts,B000J9YQOS
shorts,B00M0QFMSW
shorts,B01N6Z3SGO
shorts,B082TJ143F
shorts,B0953MT8P7
shorts,B08HJQWXXH
shorts,B09W9J74JC
shorts,B07YZ5ZZ9B
shorts,B07M5C9LWN
shorts,B08PJ19D4B
shorts,B07XMYFCDZ
shorts,B07P18746L
shorts,B07PNRZPV4
shorts,B075MYDWW1
shorts,B085DZVM4B
shorts,B010DKQO2E
shorts,B00PI5FL1A
shorts,B0BF5LM5K8
shorts,B08LT8LY5N
shorts,B07D1858XZ
shorts,B08874XQ7D
shorts,B07SM96ZXL
shorts,B072J36KT1
shorts,B005SZFAN4
shorts,B07LCXVJB5
shorts,B09HR8LBZV
shorts,B09SKL4SMZ
shorts,B07F2D9C7Q
shorts,B076VRLYRK
shorts,B0878XCK8Q
shorts,B07QX5YFCG
shorts,B08HJMXLCK
shorts,B078GBD4YB
shorts,B07GT2Q8RF
shorts,B0B3Y991M3
shorts,B0891X2TTV
shorts,B09T3QHVVM
shorts,B09P8BBV77
shorts,B07BJLH2FP
shorts,B06Y5VBPDQ
shorts,B09VSZKGN8
shorts,B0874WPW3F
shorts,B09WY9ZDCB
shorts,B08HMSBPNG
shorts,B07F18NBW6
shorts,B095JN58V4
shorts,B000OF4ON0
shorts,B087N4JBSS
shorts,B08JDTBQH2
shorts,B0872DDZ5Z
shorts,B072Q6GMVN
shorts,B01IT4UQO8
shorts,B079W723J1
shorts,B077RV5TZ5
shorts,B08JHNDP4R
shorts,B0BJ7B4BHV
shorts,B08BX4YRYJ
shorts,B07XMYBRTR
shorts,B07NSR9JW8
shorts,B0874W4WR5
shorts,B089K6SJWZ
shorts,B00E3QS5MM
shorts,B06Y5MRJ2W
shorts,B07DGSV214
shorts,B07BPMTJGY
shorts,B098P182XV
shorts,B0BGLQXRWD
shorts,B07Z8GL2ZN
shorts,B01M65RVEI
shorts,B08LNYXB15
shorts,B0BJNH7VW3
shorts,B071V7MGMD
shorts,B07LCXZXW3
shorts,B08JDWQ16V
shorts,B08ZMXF8T7
shorts,B077XQ5QM7
shorts,B08792H8H7
shorts,B0BDYFSKBW
shorts,B08PQ3B21M
shorts,B07DZTY396
shorts,B09M5XMG11
shorts,B086L13XZK
shorts,B09JKZD11H
shorts,B07MW5QDWD
shorts,B00HW1BIFQ
shorts,B07PYPPQ28
shorts,B09Y8SF29F
shorts,B094758L7R
shorts,B000RKA60M
shorts,B01ES40DD2
shorts,B09PQS4LTF
shorts,B013TGRSDS
shorts,B0BLLBCRPY
shorts,B0891QSLR4
shorts,B09W493CBB
shorts,B0B3Y991M3
shorts,B08J4GTP7H
shorts,B08Z6JH9YG
shorts,B07NJPZDRW
shorts,B075NZ5VHX
shorts,B0B33SHKQK
shorts,B09248VKW9
shorts,B092LR73PN
shorts,B091B629JT
shorts,B087DZ7JLP
shorts,B089HBK6QS
shorts,B0B6ZP9KSR
shorts,B08TWXL9LZ
shorts,B00GAMTKSK
shorts,B0B4TVSDRN
shorts,B089T92G55
shorts,B097DRF626
shorts,B089MKV821
shorts,B08BNMZ5S4
shorts,B0117ERXOI
shorts,B097DRF626
shorts,B09WHVCJXQ
shorts,B0937JNCFP
shorts,B089MKV821
shorts,B0117ERXOI
shorts,B08SCD4RJG
shorts,B09PPSMK6C
shorts,B09VGNGR9Q
shorts,B07DGR6FHC
shorts,B00DNNMFY0
shorts,B073M6N2BM
shorts,B0BD3R7CRP
shorts,B07R75LDJH
shorts,B091MS28J2
shorts,B09VT5HGJR
shorts,B09HV7KHY9
shorts,B09VT2S3SF
shorts,B07PGVHLKW
shorts,B00719ZGNO
shorts,B017GAFO3E
shorts,B09SLDSMZP
shorts,B00GYX2MVW
shorts,B094F825VS
shorts,B00EC878KQ
shorts,B0009GA7U8
shorts,B07JLM4HYL
shorts,B08HHFR4NX
shorts,B0868TFPSJ
shorts,B00AW2D5BM
shorts,B09WJXY89M
shorts,B095VXBXWB
shorts,B0BJL71WZT
shorts,B08QZN35CK
shorts,B08VJ1JSHM
shorts,B093LV4DT1
shorts,B00L2JA8BO
shorts,B087N77TTN
shorts,B09PPZL8PZ
shorts,B07S4HJ7X1
shorts,B00GYX2MX0
shorts,B00DNNZ8ZS
shorts,B07S113HTR
shorts,B08R7WSRLP
shorts,B082BGKDV1
shorts,B0058YR8V2
shorts,B01NAH94ZS
shorts,B08RZ3FDKD
shorts,B0846N7HP7
shorts,B0846N7HP7
shorts,B08VHZMPD3
shorts,B0BCDL9RD3
shorts,B00EC87YQY
shorts,B09WJY89MR
shorts,B08BSQDS1S
shorts,B094F825VS
shorts,B001464PWI
shorts,B0BGS6GV65
shorts,B0814T3P8D
shorts,B01I9FE9V8
shorts,B08R3726YK
shorts,B08MTRZGPD
shorts,B072R1Y92V
shorts,B07RNZDZDX
shorts,B0868TX6M7
shorts,B09FQ3PHMB
shorts,B077XMNTP3
shorts,B0B4NM8MKD
shorts,B082XS566R
shorts,B00IY9D948
shorts,B089N4PG8J
shorts,B09PYRB6VN
shorts,B08R7WSRLP
shorts,B08DDXJHBQ
shorts,B099RSXNQH
shorts,B074KFK4JB
shorts,B0831FP8KT
shorts,B08SVYK652
shorts,B09Y85Y8H5
shorts,B07SHYLKB7
shorts,B08BNFYKXR
shorts,B0878Y5XW8
shorts,B017YONTZC
shorts,B0915MJDN5
shorts,B093LV86FJ
shorts,B08QD3XTB7
shorts,B00O3XODCQ
shorts,B08XXBQ8VD
shorts,B08MTDXSJH
shorts,B00AZ6UV7Q
shorts,B07FKCPX19
shorts,B09WHVCJXQ
shorts,B014WCV00A
shorts,B08LNVK72Z
shorts,B08SNW6X75
shorts,B004U6OFZQ
shorts,B07T4V5HYJ
