t-shirt,B077ZKDQLV
t-shirt,B00VTV7E5S
t-shirt,B01N6DJO3W
t-shirt,B078LD1SMG
t-shirt,B00NOY3JIY
t-shirt,B000HOBYCW
t-shirt,B004HTTAUQ
t-shirt,B00KBZOR9O
t-shirt,B086KXNGKY
t-shirt,B0029GPH88
t-shirt,B07811Z8ZV
t-shirt,B075ZZF47B
t-shirt,B01EKB6ES6
t-shirt,B071RST8T5
t-shirt,B07XVYBJ4L
t-shirt,B08F2NQ3CN
t-shirt,B07M8NX6YB
t-shirt,B07CNR7GXN
t-shirt,B0828N9Y56
t-shirt,B07752LYFQ
t-shirt,B06XWLMYVY
t-shirt,B07NBC5KLP
t-shirt,B09V33S2RD
t-shirt,B07683B1Z6
t-shirt,B07F1CWMPP
t-shirt,B078964TSX
t-shirt,B076124BKM
t-shirt,B075BSD7M4
t-shirt,B014W16ZI8
t-shirt,B07G4YSGYZ
t-shirt,B0942Y5PY7
t-shirt,B06XW85TSB
t-shirt,B071KH4N6R
t-shirt,B0775PN4N4
t-shirt,B092RJW2K4
t-shirt,B0768349VV
t-shirt,B01KNM3HTA
t-shirt,B07F1P5LFR
t-shirt,B08NWMXKJ5
t-shirt,B014WC3JIG
t-shirt,B00HG4ER9I
t-shirt,B077XM54L9
t-shirt,B08V1XN3G9
t-shirt,B01EKB42YO
t-shirt,B01LB8ATIC
t-shirt,B07M9RRXNM
t-shirt,B07682FRBZ
t-shirt,B071GLZP26
t-shirt,B07HRGKSDS
t-shirt,B09T3RNNQG
t-shirt,B074XY2K7M
t-shirt,B092Z1T7RP
t-shirt,B09Y8VQCWF
t-shirt,B0076RNJ4E
t-shirt,B084HLJJ38
t-shirt,B081KMJX7V
t-shirt,B07HRHBM23
t-shirt,B07HR874C5
t-shirt,B01M26T8M7
t-shirt,B07NM17Z2T
t-shirt,B01NCHYRIK
t-shirt,B09V33R9PD
t-shirt,B00ARCZ4Y8
t-shirt,B07GBW5YY1
t-shirt,B078LDQXYW
t-shirt,B095J8BS8V
t-shirt,B08W6D89NS
t-shirt,B07GB4XVCV
t-shirt,B0B2741RX6
t-shirt,B07KSJLQWK
t-shirt,B074HN6FYQ
t-shirt,B0092KFWKM
t-shirt,B003PR42NG
t-shirt,B08NWJ9G3T
t-shirt,B07D7R5H3M
t-shirt,B086RRTFSP
t-shirt,B07P8R2LR8
t-shirt,B0093NJ68W
t-shirt,B0874VC5K4
t-shirt,B07H4KSBY9
t-shirt,B07F1R6VR5
t-shirt,B00KBZPQ5S
t-shirt,B01LWSW5KI
t-shirt,B0874W9LW2
t-shirt,B07NFV7JG7
t-shirt,B07YBWNG1Z
t-shirt,B01LZ8YFCX
t-shirt,B072FQ2N5T
t-shirt,B07NHSYBDM
t-shirt,B08NWMJJS2
t-shirt,B09B5DN6N4
t-shirt,B00B6EDWIG
t-shirt,B00ACIFQGS
t-shirt,B077SWK5W2
t-shirt,B09NP4LHYD
t-shirt,B00KQFK8NS
t-shirt,B00JULYMO0
t-shirt,B096VW414M
t-shirt,B07QTX35LJ
t-shirt,B077XN677T
t-shirt,B08BBYCN46
t-shirt,B0995LFSGR
t-shirt,B00RC4NNWO
t-shirt,B08R6H6PN7
t-shirt,B077XQM9SB
t-shirt,B075ZWZMTV
t-shirt,B005GK9M6W
t-shirt,B076VXHYKW
t-shirt,B073QJXP33
t-shirt,B00GSJ9WGK
t-shirt,B07PZ5RDJ8
t-shirt,B09HHL71DJ
t-shirt,B07SQ9QW5S
t-shirt,B002GHC1LQ
t-shirt,B07QK9Q6J8
t-shirt,B07KD9PYP1
t-shirt,B00JN3CFDA
t-shirt,B077XQXJCJ
t-shirt,B014WC8Y2C
t-shirt,B00B6ECKVG
t-shirt,B08WTCQ3L4
t-shirt,B0097M96X4
t-shirt,B09JNJW7JB
t-shirt,B01NAIK3KO
t-shirt,B07Q6VD4Z7
t-shirt,B08LNZL4J5
t-shirt,B0875VYT57
t-shirt,B00RTIXQFW
t-shirt,B0785XYQ6J
t-shirt,B07DYWJ1LJ
t-shirt,B01BDZMLZW
t-shirt,B004DTYZSC
t-shirt,B000A2HBKA
t-shirt,B08FC6CHPT
t-shirt,B07QGBC6CV
t-shirt,B00GJ9KONE
t-shirt,B016CA3MBK
t-shirt,B07FMVW9BY
t-shirt,B00KHTM8L8
t-shirt,B09TTS1Y13
t-shirt,B07SFFS7PJ
t-shirt,B087CJRGSR
t-shirt,B0B4YCR2KW
t-shirt,B09WVFLZLJ
t-shirt,B09TTS1Y13
t-shirt,B07SFFS7PJ
t-shirt,B087CJRGSR
t-shirt,B0B4YCR2KW
t-shirt,B09WVFLZLJ
t-shirt,B07M67QYW2
t-shirt,B076825FT9
t-shirt,B018EUBXDU
t-shirt,B01MA6N8EO
t-shirt,B09BG7LT8N
t-shirt,B01M74S02C
t-shirt,B07Q8JF5LL
t-shirt,B07NJTFJ3W
t-shirt,B09FQGX3YD
t-shirt,B098B318HT
t-shirt,B01E7Y4SNE
t-shirt,B09V33BG5C
t-shirt,B08V1ZLRS1
t-shirt,B07R7BLZKW
t-shirt,B094317VCV
t-shirt,B014W13VAS
t-shirt,B09FQG1D3L
t-shirt,B07FDDLN67
t-shirt,B07X2TQ4X9
t-shirt,B08P4VC2P8
t-shirt,B01E7Y4XGG
t-shirt,B08NWK9B2M
t-shirt,B08LP25CGW
t-shirt,B07R43JRBS
t-shirt,B086ZMYW2Y
t-shirt,B0877B92BN
t-shirt,B00KHTNIW6
t-shirt,B09WGFMJTW
t-shirt,B000A38IPG
t-shirt,B0BB816HLX
t-shirt,B09V7SCXVP
t-shirt,B08TGMNF8N
t-shirt,B00IJCZ1GY
t-shirt,B01N6MV0MZ
t-shirt,B09FQDCD4S
t-shirt,B09Y8W24TR
t-shirt,B07QB4SDK3
t-shirt,B089HDQ7MX
t-shirt,B0052QSR3E
t-shirt,B097QYVTD7
t-shirt,B07VWK6135
t-shirt,B09JNFRBQV
t-shirt,B09XHR5TB9
t-shirt,B09Y8W24TR
t-shirt,B07QB4SDK3
t-shirt,B089HDQ7MX
t-shirt,B0052QSR3E
t-shirt,B097QYVTD7
t-shirt,B07VWK6135
t-shirt,B09JNFRBQV
t-shirt,B0009GEM9U
t-shirt,B09XHR5TB9
t-shirt,B07CZPKBF8
t-shirt,B083GRWLRP
t-shirt,B08NYHH3VX
t-shirt,B07HMKZHZP
t-shirt,B07FMZ18KP
t-shirt,B08V214CS1
t-shirt,B09LKS58X9
t-shirt,B07ML5G24P
t-shirt,B09RQQ392P
t-shirt,B07FFQJJCF
t-shirt,B07CZ93LZS
t-shirt,B078B279CB
t-shirt,B01H98457Y
t-shirt,B084NB5TWS
t-shirt,B09TZZCTL4
t-shirt,B086RRT173
t-shirt,B08V325KKH
t-shirt,B07SFVVN1W
t-shirt,B01BDZMIK0
t-shirt,B093R8K3ZW
t-shirt,B07DT8KLPF
t-shirt,B0917XC512
t-shirt,B08DSZ1M95
t-shirt,B098KZ1FT5
t-shirt,B08LP1CSWJ
t-shirt,B08LPZR7NN
t-shirt,B09TPKG1QV
t-shirt,B07T5BQFZL
t-shirt,B0814XB6X3
t-shirt,B07533VK2N
t-shirt,B0B1PQX1L3
t-shirt,B0010B31Y0
t-shirt,B0846KR237
t-shirt,B085DCXTHZ
t-shirt,B07XPF5DW4
t-shirt,B0B4YPJQ2Q
t-shirt,B00PXSPVTE
t-shirt,B09NZDQ6V1
t-shirt,B09TLCPJ17
hoodie,B00JUM2V4W
hoodie,B01HIUTCW6
hoodie,B08YHBW4J5
hoodie,B078GLNW6P
hoodie,B01B9K2JB2
hoodie,B07L68SZJS
hoodie,B09C5DHP65
hoodie,B075JWCQSX
hoodie,B07YXMV5K9
hoodie,B00JUMDZS8
hoodie,B095KRHXH1
hoodie,B08GSHMPVC
hoodie,B071FT2J6D
hoodie,B0823QQT58
hoodie,B07P7V4Q6P
hoodie,B07X3S6JQM
hoodie,B079P6JQF7
hoodie,B08DTCPYB7
hoodie,B08MJ9JK5P
hoodie,B00FDYBMIW
hoodie,B089VH8H6Q
hoodie,B07YXN7J2N
hoodie,B0864K6PJX
hoodie,B0B4Z2HNJ9
hoodie,B09HR84PNK
hoodie,B08J93YH1V
hoodie,B08NWL646N
hoodie,B07TKVFPNK
hoodie,B00FXPSF90
hoodie,B00T7U6RSI
hoodie,B07VGHCX2Z
hoodie,B0B9LTL1N4
hoodie,B095KN3JWN
hoodie,B075JV7RWV
hoodie,B0991L7B6D
hoodie,B004J02BMW
hoodie,B00JUMFHU2
hoodie,B09JNKB936
hoodie,B002GHC2BA
hoodie,B07JZNYQDS
hoodie,B08M8JHRFD
hoodie,B075M7KPXP
hoodie,B002G9UD82
hoodie,B09J1CBDTN
hoodie,B07YXN4WVY
hoodie,B09NDX8NLG
hoodie,B09HL98XD7
hoodie,B00FXPS3GK
hoodie,B0B7Z7X5H7
hoodie,B099WNC5XP
hoodie,B09J1CBDTN
hoodie,B09HKRDWVM
hoodie,B004IZWSHG
hoodie,B0991LDMTZ
hoodie,B08J942V98
hoodie,B00I84BCHU
hoodie,B07FL6VJ31
hoodie,B07WD5N2XF
hoodie,B0929LLP5P
hoodie,B07D17MLBM
hoodie,B07FKWSRXX
hoodie,B07KD813JH
hoodie,B0B4Z2HNJ9
hoodie,B09JFRTJB6
hoodie,B019DLSDR8
hoodie,B07TKVFPNK
hoodie,B07WHDZLM8
hoodie,B08LQ6C1T9
hoodie,B07P7S1ZRR
hoodie,B014WBWVU4
hoodie,B09KMZBJ9K
hoodie,B0B5HVLWNZ
hoodie,B08HJS4PYM
hoodie,B01L8JJ840
hoodie,B0B5HW5RTS
hoodie,B08615D7T5
hoodie,B00T7U7L4W
hoodie,B09TWLJN5Z
hoodie,B08NWKTGRM
hoodie,B08TQQVMPB
hoodie,B00AWDFW44
hoodie,B07KD8C6X9
hoodie,B08KYBWHN7
hoodie,B08F1W6D25
hoodie,B01I25CDPY
hoodie,B09HR84PNK
hoodie,B07L7RT1FS
hoodie,B095SX2RGL
hoodie,B0756NH3QV
hoodie,B0BGBW65RP
hoodie,B07BKWGTGB
hoodie,B07YNN4P88
hoodie,B08VWVL9SM
hoodie,B09649V5R5
hoodie,B0BB8572WR
hoodie,B06XX32HBP
hoodie,B09LHZSKC2
hoodie,B07KD9NBTF
hoodie,B0B4FWNX7Q
hoodie,B0BGBXPWGR
hoodie,B093HBBKQT
hoodie,B09CFRDT6L
hoodie,B07DQG8CHP
hoodie,B08MJF2V8V
hoodie,B098JNLN2P
hoodie,B0B66186M3
hoodie,B08GLGB623
hoodie,B08LNZ4526
hoodie,B0872XB56W
hoodie,B09TWMKLCV
hoodie,B018GWXYO2
hoodie,B08F21L4NY
hoodie,B07KD7NJTR
hoodie,B0BM6SMX24
hoodie,B07FKWWCTQ
hoodie,B08DFNPP6L
hoodie,B09JNLBHYX
hoodie,B08HSX8VZD
hoodie,B072KSL7WK
hoodie,B07FRL48VV
hoodie,B081KMGCKW
hoodie,B07P6DHQZY
hoodie,B077VWRYX2
hoodie,B08X4GWTLH
hoodie,B01I25EUMI
hoodie,B09T2DN69T
hoodie,B09JNJM2Q3
hoodie,B0756LXTZ9
hoodie,B07P3NQ6DC
hoodie,B002OFS7I6
hoodie,B08LNWM338
hoodie,B09R9LY9FN
hoodie,B0BLT1YFCX
hoodie,B078WGBJ29
hoodie,B07WY82N31
hoodie,B0B8RYY3HL
hoodie,B08X4FL4Y2
hoodie,B0815HNVKW
hoodie,B01L7B4V28
hoodie,B077V1R2NH
hoodie,B08M8D7SDM
hoodie,B078NGTV86
hoodie,B08J8CZ49Y
hoodie,B00AWW0FPQ
hoodie,B07K42TPND
hoodie,B087C3XBL7
hoodie,B08CXK9HT3
hoodie,B09R9LY9FN
hoodie,B08LNW4KMM
hoodie,B0872XB56W
hoodie,B0875K15B6
hoodie,B09B2W37FL
hoodie,B099PQJ1S4
hoodie,B08X4GG5H5
hoodie,B08B1C5Z9X
hoodie,B018GWYXCO
hoodie,B07VGMCBQ1
hoodie,B09V9F5GB5
hoodie,B07YF4JVH4
hoodie,B09JNL28V8
hoodie,B0BM6SMX24
hoodie,B0BG38D2RC
hoodie,B0934VYQBW
hoodie,B0B1QVB4CN
hoodie,B07YXNBK5M
hoodie,B08PYJY729
hoodie,B08WWJMY5Z
hoodie,B08MV4WYPM
hoodie,B07WF1WBLB
hoodie,B09QBBF7NP
hoodie,B095KN2FZC
hoodie,B08MJHVY33
hoodie,B00DNNWOTG
hoodie,B0B9WMST7Z
hoodie,B09KN2Y657
hoodie,B07MYNYNQN
hoodie,B08JHFG69Z
hoodie,B0BLWG7BPQ
hoodie,B09JNL6FHQ
hoodie,B08H8MRK79
hoodie,B08XY3JW6Z
hoodie,B01FHIIN12
hoodie,B093QQBR9R
hoodie,B004IZYDZ6
hoodie,B098FMYQ11
hoodie,B07G7ZFZX1
hoodie,B085QLRK11
hoodie,B00FXPTFIK
hoodie,B092D2WQ9F
hoodie,B01GTG5OIQ
hoodie,B07HSWT86T
hoodie,B09DSR2RCR
hoodie,B00FXPTFIK
hoodie,B07HSWT86T
hoodie,B00I84BCHU
hoodie,B09NDV7JS1
hoodie,B08HHGWYTX
hoodie,B0BHPYZ1JS
hoodie,B07CQ4C4WW
hoodie,B09JNL94WG
hoodie,B09DSR2RCR
hoodie,B08BG6LD82
hoodie,B09D3M1SNY
hoodie,B0859LMKKJ
hoodie,B092D2WQ9F
hoodie,B09HR8LJ5Q
hoodie,B07TJZK7SB
hoodie,B09HL7LBGD
hoodie,B0B5L7FDGG
hoodie,B003U0ZMX2
hoodie,B0B3JBPQRY
hoodie,B09KMM9FCM
hoodie,B00FXPTQH0
hoodie,B08MJP4BJG
hoodie,B08BF82KDJ
hoodie,B09JNKG5WD
hoodie,B08L25THWF
hoodie,B014WB9D78
hoodie,B09KN13L1D
hoodie,B07P4PMSY6
hoodie,B08D6TV6JQ
hoodie,B071KBRZY6
hoodie,B07FLNCJXD
hoodie,B0B9WMST7Z
hoodie,B014W0VLK6
hoodie,B09KSVG89T
hoodie,B019DLSBM0
hoodie,B08WSGD9NG
hoodie,B09CK952HF
hoodie,B0070NURGC
hoodie,B01N9EAG9G
hoodie,B085QLRK11
hoodie,B09JNL6M2J
hoodie,B0872XB56W
hoodie,B0BHNYQM67
hoodie,B081TWVH9B
hoodie,B0BLWG7BPQ
hoodie,B09QBBD1G5
hoodie,B07WCQK3WD
hoodie,B096G1C5FK
shorts,B07YP9JK3F
shorts,B00AKSCXEI
shorts,B08JGBB9N1
shorts,B01JQTN8SQ
shorts,B01JQTA794
shorts,B08J951P74
shorts,B0151E6PB2
shorts,B07L2VPLPC
shorts,B07HJ78B3X
shorts,B07JGF22HN
shorts,B016Y826EE
shorts,B0728KK8VK
shorts,B01AK7Z5BG
shorts,B07DZVJXNK
shorts,B00PICJHHW
shorts,B07L33BBXG
shorts,B009CTU8B6
shorts,B01ISQF00W
shorts,B08PJ19D4B
shorts,B00XKYLJDU
shorts,B01JQTCQ8O
shorts,B07F27YVN8
shorts,B07P18746L
shorts,B07FHBNY51
shorts,B00M0QFMSW
shorts,B082TJ143F
shorts,B01N6Z3SGO
shorts,B07M8TBTXF
shorts,B075MYDWW1
shorts,B06Y5VBPDQ
shorts,B0714D4Q4B
shorts,B095JLNPG3
shorts,B000J9YQOS
shorts,B07PNRZPV4
shorts,B087LZR1BM
shorts,B077RM9GCY
shorts,B079W723J1
shorts,B08JDX1W6Q
shorts,B071V7MGMD
shorts,B07D1858XZ
shorts,B07LCXVJB5
shorts,B01IT4V0M0
shorts,B076VRLYRK
shorts,B09P3T8X61
shorts,B07F25B6N4
shorts,B0953MT8P7
shorts,B08HJTMFDB
shorts,B00PI5FL1A
shorts,B07XMYFCDZ
shorts,B010DKQ7JY
shorts,B0878XCK8Q
shorts,B000OF4ON0
shorts,B07FHB3MGG
shorts,B06Y5VBPDQ
shorts,B00M0QFMSW
shorts,B085DZVM4B
shorts,B0874WKKLR
shorts,B085NF55WL
shorts,B08JDX1W6Q
shorts,B07NJPR9R3
shorts,B0953MT8P7
shorts,B07DGSV214
shorts,B07PNRZPV4
shorts,B07GT2Q8RF
shorts,B07L322DJ5
shorts,B076VRLYRK
shorts,B0BF5LM5K8
shorts,B0891X2TTV
shorts,B00E3QS5MM
shorts,B08JDTBQH2
shorts,B0831FGHTG
shorts,B077RV5TZ5
shorts,B087LTC1XS
shorts,B089K6SJWZ
shorts,B07P18746L
shorts,B013TGRSDS
shorts,B07Z8GL2ZN
shorts,B07LCXVJB5
shorts,B071V7MGMD
shorts,B09HR8LBZV
shorts,B06Y5MRJ2W
shorts,B01ES40DD2
shorts,B09HY67QGR
shorts,B087DZ7JLP
shorts,B08874XQ7D
shorts,B086L13XZK
shorts,B088GYW9XL
shorts,B01M65RVEI
shorts,B08JHNDP4R
shorts,B0B48QVSL4
shorts,B072Q6GMVN
shorts,B08PQ3B21M
shorts,B06XWNF5DJ
shorts,B08LNYXB15
shorts,B08R7GNZTD
shorts,B08J4GTP7H
shorts,B0874WPW59
shorts,B06XWNF5DJ
shorts,B095J9J4FD
shorts,B013TGRSDS
shorts,B08LPWB76Y
shorts,B072Q6GMVN
shorts,B075WHB2Z3
shorts,B095JN58V4
shorts,B07DZTY396
shorts,B07DXKYQXC
shorts,B098P182XV
shorts,B09Y8SF29F
shorts,B07LCXZXW3
shorts,B07TD9GHWB
shorts,B08792H8H7
shorts,B091B629JT
shorts,B07NJPZDRW
shorts,B09SKS9S4M
shorts,B08BNFYKXR
shorts,B07XJCL61N
shorts,B094758L7R
shorts,B0B6ZP9KSR
shorts,B07DGR6FHC
shorts,B073M6N2BM
shorts,B00DQZ67KI
shorts,B087DZ7JLP
shorts,B00EC878KQ
shorts,B09PQS4LTF
shorts,B08Z6C69VP
shorts,B089T92G5J
shorts,B089MKV821
shorts,B09SLDSMZP
shorts,B09VGNGR9Q
shorts,B01ES40DD2
shorts,B0B4TVSDRN
shorts,B08V1LPFQG
shorts,B000RK84H4
shorts,B089HBK6QS
shorts,B00EC87YQY
shorts,B079S4G1YY
shorts,B0B33SHKQK
shorts,B08HJMXLCK
shorts,B09PPSMK6C
shorts,B08TWXL9LZ
shorts,B0009GA7U8
shorts,B08SCD4RJG
shorts,B00L2JA8BO
shorts,B00GAMTKSK
shorts,B097DRF626
shorts,B0868VMNPZ
shorts,B0937JNCFP
shorts,B09PQS4LTF
shorts,B07NFWZQRM
shorts,B0117ERXOI
shorts,B00DNNZ3BW
shorts,B075NZGKHN
shorts,B07RY66Y4C
shorts,B09JKZD11H
shorts,B001464PWI
shorts,B00GYX2N20
shorts,B098LF4VNS
shorts,B093LV4DT1
shorts,B07NSRF7M5
shorts,B0846N7HP7
shorts,B095J82PM2
shorts,B09G272YSB
shorts,B017GAFO3E
shorts,B091MS28J2
shorts,B08ZNQTHFT
shorts,B08MQYSNJ5
shorts,B004U6OFZQ
shorts,B01NAH94ZS
shorts,B08MTRZGPD
shorts,B0BLKK5XZL
shorts,B08R7GNZTD
shorts,B09RVFY8Y1
shorts,B0915MJDN5
shorts,B07J5L1BBF
shorts,B07FKVBRT4
shorts,B0814T3P8D
shorts,B082BFSFP1
shorts,B00GYX2MX0
shorts,B08SVYK652
shorts,B004NNHTXQ
shorts,B0B4NM8MKD
shorts,B08629NP19
shorts,B089N4PG8J
shorts,B09WY9ZDCB
shorts,B092VL2X4G
shorts,B07QW6Y3BX
shorts,B0058YR8V2
shorts,B01I9FE9V8
shorts,B08LNZ8YT6
shorts,B08HSDZ5C4
shorts,B08DJ6ZZF7
shorts,B07JMZ7H4J
shorts,B0B4NM8MKD
shorts,B08DJ6ZZF7
shorts,B089N4PG8J
shorts,B092VL2X4G
shorts,B07QW6Y3BX
shorts,B0058YR8V2
shorts,B01I9FE9V8
shorts,B08LNZ8YT6
shorts,B0928CDLHJ
shorts,B08HSDZ5C4
shorts,B00O3XODCQ
shorts,B07RNZDZDX
shorts,B0937M8GCM
shorts,B00IY9D948
shorts,B07PVQGXST
shorts,B082P8LCNY
shorts,B00EC8426E
shorts,B00AZ6UV7Q
shorts,B08R7WSRLP
shorts,B085TR7BPP
shorts,B087DZ7JLP
shorts,B07T8S17VB
shorts,B08DDXJHBQ
shorts,B072R1Y92V
shorts,B00AREKBLM
shorts,B09FXR4SC7
shorts,B077T1V8LM
shorts,B0B48C4Y2F
shorts,B074334FYF
shorts,B07R75LDJH
shorts,B09HFQJ8TS
shorts,B07TBY2HQ7
shorts,B07Q136DVV
shorts,B08797294F
shorts,B072118MKS
shorts,B08MV7KZJL
shorts,B08DRQNJ33
shorts,B08HJS4G28
shorts,B09247MNRF
shorts,B08JDWYN1G
shorts,B09R3NT7HL
shorts,B08SMST6DL
shorts,B07MQ6CYBP
shorts,B07VVLWSBC
shorts,B096Z2H646
shorts,B07S4BFXBX
shorts,B08BX6Q511
shorts,B07T4V5HYJ
shoes,B00FZN1KWE
shoes,B087YWM8RX
shoes,B0725JXJCC
shoes,B07ZSBGP5F
shoes,B08CYD9TR7
shoes,B07TQZCYVP
shoes,B087TC4NBL
shoes,B087TQBBXD
shoes,B00V3MMY2Q
shoes,B01LW1GI1P
shoes,B091KS7RRL
shoes,B06WRR42NF
shoes,B075PHHPZN
shoes,B08KLFFVN2
shoes,B087TGZQRZ
shoes,B08CZ272F8
shoes,B07ZLM669B
shoes,B07MV68FPC
shoes,B0812JXKNG
shoes,B000ARG5SY
shoes,B0756F8GN2
shoes,B07XW2M5SC
shoes,B07GPPN73K
shoes,B08JN54TGW
shoes,B004DCQT0G
shoes,B072N1JL8L
shoes,B087TPWKFJ
shoes,B087T8Q2C4
shoes,B093R47BPV
shoes,B07NMZ6S6Z
shoes,B093LXTNQ3
shoes,B07B3VM8D2
shoes,B0778848PF
shoes,B00SMJO8WM
shoes,B093QK8J6L
shoes,B08QCP36GH
shoes,B09692L263
shoes,B077XXLYHS
shoes,B08JMDHTKL
shoes,B07VBMZRC4
shoes,B07TS4S577
shoes,B015GIVJIW
shoes,B00RENKYH0
shoes,B000EPC2Z2
shoes,B01KAU1BUC
shoes,B08GCWZQ1M
shoes,B000W93PX8
shoes,B07WBTYXX3
shoes,B08FVMFJ5Q
shoes,B087RVR7NV
shoes,B083FRMRWK
shoes,B01JC9AU4A
shoes,B09LSCF1GB
shoes,B093ZRMXM5
shoes,B09LS7QXKW
shoes,B088PBQLSZ
shoes,B00D1KO3QS
shoes,B0059DLGQ0
shoes,B077865VYM
shoes,B0007SZ4OM
shoes,B08MY7497D
shoes,B097C86VRD
shoes,B01N6F8L7I
shoes,B087TH4JM6
shoes,B098L7M85K
shoes,B07PVQKTVG
shoes,B005BJI6GU
shoes,B09LSB8LD9
shoes,B072NFDZ8K
shoes,B07DY1MHNG
shoes,B08QVP576N
shoes,B078J8TJ8B
shoes,B09FFNBYZ3
shoes,B00BQA6T5I
shoes,B07FBJ2P7C
shoes,B00GICVQ8Y
shoes,B09CLL4ZVR
shoes,B00UWWI05I
shoes,B083MBB2T4
shoes,B01ACQY66U
shoes,B092YR44S9
shoes,B01N2UCQK4
shoes,B09LSB8T24
shoes,B099RPQ5G4
shoes,B09C1CFDR7
shoes,B08N5MGQH5
shoes,B07NRDZ5RP
shoes,B00FOVZGEA
shoes,B00B8IUHCY
shoes,B08M2M7NQT
shoes,B093ZRSMRD
shoes,B09691RG2X
shoes,B005IQTEXA
shoes,B098KMC8CT
shoes,B08R1MKSDM
shoes,B073K2T51C
shoes,B083BM1JH1
shoes,B08JMDQ2M6
shoes,B08RM2ZX97
shoes,B00KM8HAPI
shoes,B01CUME12S
shoes,B09LSBV7SG
shoes,B09YNT4Y72
shoes,B073HBBDDP
shoes,B07L6DV5PJ
shoes,B0B4WZ9YXC
shoes,B074V6DJ5Q
shoes,B01HFNE1UY
shoes,B07BZHNYSG
shoes,B07ZJNPCP7
shoes,B07NMZ5XWK
shoes,B083FR5GC3
shoes,B092H27LBD
shoes,B096FDRH9L
shoes,B0843PVG21
shoes,B09WRX47GP
shoes,B09GXMB9Z9
shoes,B098PFNQX1
shoes,B071GF5M1D
shoes,B07PGPGBNK
shoes,B07G76J92D
shoes,B07PXV2XN4
shoes,B087N1X99K
shoes,B000LPMTG2
shoes,B00XWNW11I
shoes,B09W5SQYPY
shoes,B07GR5W6W1
shoes,B08RST6V9B
shoes,B07T6GRM7K
shoes,B09MF7KCVG
shoes,B096VS2TTB
shoes,B000BXW6US
shoes,B09LS8W2G2
shoes,B09MZ2FHHN
shoes,B07NVBRJ95
shoes,B09W2VP73X
shoes,B07G7XF5KL
shoes,B0007TQ9TK
shoes,B082RW6WPQ
shoes,B08FTL8K52
shoes,B098QDQ24F
shoes,B095WTSVXT
shoes,B095PVRDHB
shoes,B09RRYSNL3
shoes,B098QDQ24F
shoes,B095WTSVXT
shoes,B095PVRDHB
shoes,B09RRYSNL3
shoes,B01N07FP43
shoes,B08D5Z8H7R
shoes,B083FR4SFM
shoes,B097CC7XGT
shoes,B01HFAD518
shoes,B09KTWP57D
shoes,B01K9PM1V6
shoes,B07NLTYYWP
shoes,B06XSFFX2F
shoes,B0973N1QYX
shoes,B07TSFHY2C
shoes,B092YQPH6V
shoes,B08779V96S
shoes,B0B1MBDD4Y
shoes,B094R31WL4
shoes,B08PH8VVY5
shoes,B097KKJ1W4
shoes,B07NRZGF6W
shoes,B09LS94C9T
shoes,B095PV4W3B
shoes,B083YY44KC
shoes,B000EXPT18
shoes,B005OLAKYQ
shoes,B00RDBLSUA
shoes,B07VB9L2FK
shoes,B01D8UA0MG
shoes,B00UBNCRFM
shoes,B09J3FCZ8J
shoes,B07JJDBZJT
shoes,B0B4QNWYMC
shoes,B096SWMXGP
shoes,B08JX9R3T1
shoes,B08GJ3P3QV
shoes,B004PYRE0G
shoes,B083Z4XFWQ
shoes,B07MQ668JB
shoes,B083FR3M62
shoes,B01N0BNJUI
shoes,B08DFSWX38
shoes,B07QLB52BG
shoes,B0987YZ647
shoes,B003UHUNYI
shoes,B0030MIIP4
shoes,B08KNYDRL4
shoes,B01N0BNJUI
shoes,B08DFSWX38
shoes,B07QLB52BG
shoes,B0987YZ647
shoes,B003UHUNYI
shoes,B0030MIIP4
shoes,B08KNYDRL4
shoes,B0014YMINI
shoes,B089W174GF
shoes,B08KNT6CDT
shoes,B09BQNNXPH
shoes,B01NB9QW20
shoes,B08DFLNMNT
shoes,B07TBSC1J4
shoes,B000PGRBC4
shoes,B00UC9LGPW
shoes,B094R17N2T
shoes,B01MZ0781Y
shoes,B08RXW6C7F
shoes,B09QZ6TQMM
shoes,B08R9B85VM
shoes,B0877BYW8B
shoes,B07STX4FZJ
shoes,B08XWM1VRD
shoes,B01ACRFSY8
shoes,B00BECIC4O
shoes,B08QZBHQQ4
shoes,B08DF96FL3
shoes,B07M6CT66R
shoes,B01E6JTMFE
shoes,B0030MIIVS
shoes,B07LCNZXQD
shoes,B076VTL5N4
shoes,B00KY9PKVG
shoes,B06XFHV877
shoes,B071R4W8JK
shoes,B0BBXPDQPC
shoes,B09LSBF6XW
shoes,B098PF5DMX
shoes,B09641359F
shoes,B08MWRD88Z
shoes,B08NWF5LCG
shoes,B005UF9QMS
shoes,B09R35SB9R
shoes,B09PN78M3Y
shoes,B093ZRN8KK
shoes,B07GH7WZMG
shoes,B017MGC0NO
trousers,B01JQTPQ9K
trousers,B081KN331N
trousers,B079D2LX4N
trousers,B0775PNH5P
trousers,B07DG437VB
trousers,B08NCGJTFM
trousers,B09NNB1TZ8
trousers,B07NY57W38
trousers,B00WW76FSU
trousers,B00YKRPL2G
trousers,B071FJ88QJ
trousers,B09D6NGPBB
trousers,B074841B2V
trousers,B073SLX239
trousers,B01BNSPJP8
trousers,B09Q8S67KZ
trousers,B07P82B4JK
trousers,B0B7H43Q7N
trousers,B09H5K14D2
trousers,B000MXQ284
trousers,B00X4GEV98
trousers,B01N7VGA1T
trousers,B01LO0P9MS
trousers,B01FVRAH7C
trousers,B07BJTNZRG
trousers,B01NAEIO6U
trousers,B00WW6Z4W4
trousers,B01LI4I2ME
trousers,B00D6C1R0G
trousers,B07RRZ2T4N
trousers,B06WRWR15H
trousers,B07HNTS427
trousers,B07PPXTJJY
trousers,B00QNAL9U6
trousers,B075F5MBDP
trousers,B07HJ84SZW
trousers,B0B9T276PD
trousers,B01N1WFVH9
trousers,B01N28YIF8
trousers,B07JQ91ZY9
trousers,B00XKYQVMY
trousers,B07K3HKRXC
trousers,B094V3MBNQ
trousers,B075JNJDDH
trousers,B07L7QY5TF
trousers,B08NCV12XM
trousers,B07NMVT4W2
trousers,B07B817SLB
trousers,B07NMVT4W2
trousers,B07B817SLB
trousers,B09FJH3RTY
trousers,B092ZQV5G9
trousers,B00P03MF0U
trousers,B00DIA6YBI
trousers,B0B93LPQCP
trousers,B0BN1ZDR8P
trousers,B0B9T276PD
trousers,B01BGTW9R0
trousers,B00IM4SEG8
trousers,B0B5F5S5GJ
trousers,B09MG2KM3L
trousers,B07J3N2RFQ
trousers,B01MD0SCZK
trousers,B07KD8XCLX
trousers,B07N3MGCGP
trousers,B01N21N9N5
trousers,B0BNVJSDHV
trousers,B015QHZAS8
trousers,B0B8CWHRSD
trousers,B00WW6ZE5G
trousers,B018S02GC8
trousers,B0BQVX7556
trousers,B00AOJGN30
trousers,B00WW72VJC
trousers,B07491SHWT
trousers,B077PSR3XR
trousers,B017OXFFUA
trousers,B005A20I50
trousers,B0B876ZY83
trousers,B07RW8FLWF
trousers,B0936QVM1K
trousers,B0BK1JFLJ5
trousers,B087D8BBG2
trousers,B0883T5NG7
trousers,B08YVZT5F4
trousers,B0735XF8WG
trousers,B07JHZCFXX
trousers,B0B87NHBLF
trousers,B06Y4HG1YG
trousers,B016PD48AS
trousers,B085YW5713
trousers,B096FF3WYC
trousers,B08VRLTTS1
trousers,B07B8R27D7
trousers,B0BD7XXSNQ
trousers,B07PGF2BF8
trousers,B07DG27ZVD
trousers,B073HC2VKF
trousers,B00JRXDHOW
trousers,B075NYPVFZ
trousers,B07B82DSXT
trousers,B09Y8CGGXL
trousers,B018S02FEW
trousers,B0BRZ2RPP3
trousers,B07T9KSJSF
trousers,B00WW75N24
trousers,B01LQT9DZG
trousers,B014A11M4C
trousers,B086CCHZ6V
trousers,B08VYKKCKS
trousers,B085H1N6ZJ
trousers,B08NCR7FYB
trousers,B09VWJGN2B
trousers,B0BRZ2YWR6
trousers,B01FVRG47E
trousers,B0BQVWCPQG
trousers,B000N3X97U
trousers,B079D2Z6GR
trousers,B01BNSMU7S
trousers,B0743PV5YG
trousers,B08CLDJMVB
trousers,B00NVPEGVU
trousers,B07NXK2PGD
trousers,B0BRQKVD46
trousers,B0001DRHFM
trousers,B07RR3R9HJ
trousers,B09VWRPN8V
trousers,B07NMFD15S
trousers,B01ND2LMVQ
trousers,B079D3X2VJ
trousers,B07HGP1HQW
trousers,B07T1BK7QY
trousers,B0BRY1JMYV
trousers,B07BFH52D1
trousers,B07MQBL71C
trousers,B08NC3F5NS
trousers,B07ZWVWJHT
trousers,B003ZZH1BS
trousers,B001NSAM24
trousers,B08W1M1DXS
trousers,B09WSZ3Q1D
trousers,B07Y5WDGPH
trousers,B0BKZTLV57
trousers,B0BRQKNKZB
trousers,B0BRQJ7GQP
trousers,B07JMTFSLC
trousers,B07SX61ZJZ
trousers,B073SMG454
trousers,B09N114TF5
trousers,B08SGGX12W
trousers,B074KHW2S4
trousers,B07B92W1Q1
trousers,B0BRXZ2186
trousers,B07P887SQT
trousers,B07HFVTX2P
trousers,B07F16G1P8
trousers,B08D9NG2J9
trousers,B07CJL95LS
trousers,B083QZ52NY
trousers,B096H6G2BL
trousers,B0BFG72T67
trousers,B01FSPN2F6
trousers,B08TLLXCFT
trousers,B000A38CD4
trousers,B0BRXYFZ4L
trousers,B09ND8D5CQ
trousers,B07Z8TG7CH
trousers,B08LNWQM1S
trousers,B01JZ0XPDE
trousers,B08C97SGBC
trousers,B0817JDPF2
trousers,B07B8ZJNY5
trousers,B074KKHCQ3
trousers,B0BRQKDD1K
trousers,B005OB1CIY
trousers,B07NX8H863
trousers,B09G7FQ4FH
trousers,B07MLBD7TL
trousers,B07BRGD73Y
trousers,B07491SHX9
trousers,B0BRZ2RPP3
trousers,B07HY187K3
trousers,B07HNTNDQQ
trousers,B09NQHTQ8B
trousers,B00OWWNWMA
trousers,B097NP51JL
trousers,B07NN347D6
trousers,B0BKSQBJNB
trousers,B07SZ6S7P5
trousers,B08LN2J49G
trousers,B0BRQL9Z8C
trousers,B09NYNBFF8
trousers,B08LN2J49G
trousers,B0BRY1JMYV
trousers,B07N78Z668
trousers,B08VS2HNFP
trousers,B075RXVMVX
trousers,B018G3PPKW
trousers,B07NLXWHFC
trousers,B007A3MRG0
trousers,B073X2ZRTR
trousers,B000JHEPUA
trousers,B09NN85H9D
trousers,B0B9MYYDFF
trousers,B0BRQJQ1MG
trousers,B07V38TZQ6
trousers,B08Q8P2K6G
trousers,B01BGTO7IE
trousers,B07PXHV21R
trousers,B07BJTDFM8
trousers,B0B6BQJLCW
trousers,B000FOZWOK
trousers,B00D6C0HXY
trousers,B0083BJGSK
trousers,B09DCVBKD2
trousers,B0BRQJWLDX
trousers,B08B498BXZ
trousers,B076X4QTFJ
trousers,B098CWWY6M
trousers,B07C2QFLCF
trousers,B018G8G5AQ
trousers,B09V2CM3Q9
trousers,B00HMN4Q44
trousers,B09Q852RC1
trousers,B09Z1GD6QX
trousers,B0BRQKNKZB
trousers,B074GLB317
trousers,B0751HKMSY
trousers,B01DG7OB1C
trousers,B0B93FN8W4
trousers,B0963LTZXH
trousers,B007J20GS8
trousers,B07K758Z5R
trousers,B09NWD2B63
trousers,B00IPDOHNA
trousers,B097NR2CC8
trousers,B09MXS8MCN
trousers,B0B8HTMFCG
trousers,B013OXV8KA
trousers,B09BNK4HBQ
